Artist,Movie
Lady Gaga,House of Gucci
Lady Gaga,A Star Is Born
Lady Gaga,American Horror Story
Lady Gaga,Sin City: A Dame to Kill For
Lady Gaga,Muppets Most Wanted
Lady Gaga,Machete Kills
Lady Gaga,The Simpsons
Lady Gaga,Men in Black 3
Lady Gaga,The Lonely Island Feat. Lady Gaga & Justin Timberlake: 3-Way (the Golden Rule)
Lady Gaga,Gossip Girl
Lady Gaga,Lady Gaga Feat. Colby ODonis: Just Dance
Lady Gaga,The Sopranos
Harry Styles,Harry Styles: Satellite
Harry Styles,Harry Styles: Music for a Sushi Restaurant
Harry Styles,My Policeman
Harry Styles,Don't Worry Darling
Harry Styles,Harry Styles: Late Night Talking
Harry Styles,Harry Styles: Daylight
Harry Styles,Harry Styles: As It Was
Harry Styles,Eternals
Harry Styles,Harry Styles: Treat People with Kindness
Harry Styles,Ouverture of Something that Never Ended
Harry Styles,Harry Styles: Golden
Harry Styles,Harry Styles: Watermelon Sugar
Harry Styles,Harry Styles: Falling
Harry Styles,Harry Styles: BBC Radio 1 Live Lounge
Harry Styles,Harry Styles: Adore You
Harry Styles,Harry Styles: Lights Up
Harry Styles,Gucci: Men's Tailoring Campaign
Harry Styles,Met Gala: Camp! Teaser
Harry Styles,Harry Styles: Two Ghosts
Harry Styles,Harry Styles: Kiwi
Harry Styles,Harry Styles: BBC Radio 1 Live Lounge
Harry Styles,Harry Styles: Nova's Red Room Secret Gig
Harry Styles,Dunkirk
Harry Styles,Harry Styles: Sign of the Times
Justin Timberlake,Romeo Santos & Justin Timberlake: Sin fin
Justin Timberlake,"Calvin Harris Feat. Justin Timberlake, Halsey & Pharrell: Stay with Me"
Justin Timberlake,Candy
Justin Timberlake,Trolls Holiday in Harmony
Justin Timberlake,Palmer
Justin Timberlake,Trolls World Tour
Justin Timberlake,American Psychos: Lori the Narcissist
Justin Timberlake,Trolls Holiday
Justin Timberlake,Wonder Wheel
Justin Timberlake,Trolls
Justin Timberlake,Popstar: Never Stop Never Stopping
Justin Timberlake,Sauza 901 Tequila: No Limes Needed
Justin Timberlake,Runner Runner
Justin Timberlake,Rolanda & Richard
Justin Timberlake,Inside Llewyn Davis
Justin Timberlake,Trouble with the Curve
Justin Timberlake,In Time
Justin Timberlake,Friends with Benefits
Justin Timberlake,Bad Teacher
Justin Timberlake,The Cleaveland Show
Justin Timberlake,Yogi Bear
Justin Timberlake,The Social Network
Justin Timberlake,Audi the Next Big Thing
Justin Timberlake,Next Big Thing
Justin Timberlake,Jerry
Justin Timberlake,The Open Road
Justin Timberlake,The Love Guru
Justin Timberlake,Gnarls Barkley: Run
Justin Timberlake,Shrek the Third
Justin Timberlake,Black Snake Maon
Justin Timberlake,Southland Tales
Justin Timberlake,Alpha Dog
Justin Timberlake,Edison
Justin Timberlake,Longshot
Justin Timberlake,On the Line
Justin Timberlake,The Simpsons
Justin Timberlake,The Wonderful World of Disney
